ce_id,canonical_literal,glyph_name,match_basis,source_glyph_name
CE-000031,,,,
CE-000044,閼,,,
CE-000047,扱,,,
CE-000096,異,,,
CE-000101,偉,,,
CE-000114,違,,,
CE-000122,遺,,,
CE-000126,緯,,,
CE-000139,育,,,
CE-000144,,,,
CE-000157,鴪,,,
CE-000186,堙,,,
CE-000188,湮,,,
CE-000226,鬱,,,
CE-000234,運,,,
CE-000243,韞,,,
CE-000267,鋭,,,
CE-000277,瀛,,,
CE-000280,贏,,,
CE-000318,延,,,
CE-000339,媛,,,
CE-000341,援,,,
CE-000352,煙,,,
CE-000358,遠,,,
CE-000389,唹,,,
CE-000391,淤,,,
CE-000418,翁,,,
CE-000482,囮,,,
CE-000509,華,,,
CE-000514,谺,,,
CE-000524,過,,,
CE-000541,樺,,,
CE-000556,譁,,,
CE-000569,芽,,,
CE-000582,雅,,,
CE-000584,餓,,,
CE-000596,灰,,,
CE-000674,害,,,
CE-000685,慨,,,
CE-000694,概,,,
CE-000743,獲,,,
CE-000750,穫,,,
CE-000783,綛,,,
CE-000800,割,,,
CE-000813,豁,,,
CE-000816,轄,,,
CE-000826,鎌,,,
CE-000839,缶,,,
CE-000904,勧,,,
CE-000907,寛,,,
CE-000926,歓,,,
CE-000946,還,,,
CE-000959,観,,,
CE-000962,韓,,,
CE-001034,既,,,
CE-001039,飢,,,
CE-001093,曁,,,
CE-001169,喫,,,
CE-001178,逆,,,
CE-001184,及,,,
CE-001189,旧,,,
CE-001193,吸,,,
CE-001210,急,,,
CE-001213,級,,,
CE-001215,糾,,,
CE-001220,赳,,,
CE-001247,巨,,,
CE-001252,拒,,,
CE-001253,苣,,,
CE-001267,距,,,
CE-001294,叫,,,
CE-001335,郷,,,
CE-001339,蛩,,,
CE-001343,跫,,,
CE-001354,鞏,,,
CE-001364,繦,,,
CE-001376,響,,,
CE-001381,驚,,,
CE-001420,近,,,
CE-001456,釁,,,
CE-001478,矩,,,
CE-001501,遇,,,
CE-001527,薫,,,
CE-001545,茎,,,
CE-001552,契,,,
CE-001569,啓,,,
CE-001588,敬,,,
CE-001591,笄,,,
CE-001597,煢,,,
CE-001603,夐,,,
CE-001606,綮,,,
CE-001624,瓊,,,
CE-001628,醯,,,
CE-001633,警,,,
CE-001638,芸,,,
CE-001641,迎,,,
CE-001657,隙,,,
CE-001682,桀,,,
CE-001690,傑,,,
CE-001695,潔,,,
CE-001710,,,,
CE-001716,券,,,
CE-001718,肩,,,
CE-001732,兼,,,
CE-001737,拳,,,
CE-001738,枅,,,
CE-001764,嫌,,,
CE-001777,遣,,,
CE-001782,甄,,,
CE-001787,権,,,
CE-001797,謙,,,
CE-001803,繭,,,
CE-001827,彦,,,
CE-001847,戸,,,
CE-001855,呱,,,
CE-001864,孤,,,
CE-001866,弧,,,
CE-001877,扈,,,
CE-001880,瓠,,,
CE-001890,觚,,,
CE-001895,雇,,,
CE-001903,滬,,,
CE-001914,顧,,,
CE-001921,冴,,,
CE-001942,護,,,
CE-001983,肓,,,
CE-002029,冓,,,
CE-002051,降,,,
CE-002073,港,,,
CE-002076,皓,,,
CE-002089,媾,,,
CE-002092,搆,,,
CE-002095,溝,,,
CE-002113,構,,,
CE-002116,槹,,,
CE-002125,遘,,,
CE-002149,覯,,,
CE-002152,講,,,
CE-002154,購,,,
CE-002237,鮗,,,
CE-002243,込,,,
CE-002258,袞,,,
CE-002387,,,,
CE-002455,産,,,
CE-002467,簒,,,
CE-002577,耜,,,
CE-002661,孳,,,
CE-002729,捨,,,
CE-002740,遮,,,
CE-002747,邪,,,
CE-002752,妁,,,
CE-002754,芍,,,
CE-002763,酌,,,
CE-002769,爵,,,
CE-002777,弱,,,
CE-002835,周,,,
CE-002851,終,,,
CE-002854,習,,,
CE-002857,週,,,
CE-002881,螽,,,
CE-002902,充,,,
CE-002946,述,,,
CE-002961,舜,,,
CE-002968,瞬,,,
CE-002972,巡,,,
CE-002993,蓴,,,
CE-002998,遵,,,
CE-003005,所,,,
CE-003031,曙,,,
CE-003064,肖,,,
CE-003067,尚,,,
CE-003083,宵,,,
CE-003090,消,,,
CE-003108,,,,
CE-003119,勝,,,
CE-003131,硝,,,
CE-003136,翔,,,
CE-003236,城,,,
CE-003246,情,,,
CE-003294,飾,,,
CE-003329,侵,,,
CE-003354,進,,,
CE-003377,蕈,,,
CE-003386,齔,,,
CE-003389,簪,,,
CE-003405,迅,,,
CE-003415,尋,,,
CE-003452,遂,,,
CE-003467,邃,,,
CE-003509,成,,,
CE-003530,晟,,,
CE-003535,逝,,,
CE-003542,盛,,,
CE-003559,筬,,,
CE-003564,誠,,,
CE-003576,請,,,
CE-003595,税,,,
CE-003663,節,,,
CE-003670,鱈,,,
CE-003702,扇,,,
CE-003723,僊,,,
CE-003762,選,,,
CE-003764,遷,,,
CE-003799,韆,,,
CE-003801,冉,,,
CE-003804,全,,,
CE-003805,苒,,,
CE-003834,梳,,,
CE-003852,蔬,,,
CE-003880,剏,,,
CE-003889,荘,,,
CE-003892,送,,,
CE-003912,掃,,,
CE-003936,嫂,,,
CE-003965,遭,,,
CE-004007,造,,,
CE-004016,蔵,,,
CE-004021,臓,,,
CE-004027,即,,,
CE-004035,速,,,
CE-004063,尊,,,
CE-004065,巽,,,
CE-004094,娜,,,
CE-004099,梛,,,
CE-004126,退,,,
CE-004134,逮,,,
CE-004139,隊,,,
CE-004157,黛,,,
CE-004190,啄,,,
CE-004195,磔,,,
CE-004210,達,,,
CE-004218,脱,,,
CE-004222,棚,,,
CE-004266,潭,,,
CE-004270,誕,,,
CE-004285,鐔,,,
CE-004299,暖,,,
CE-004312,致,,,
CE-004336,逐,,,
CE-004341,築,,,
CE-004403,著,,,
CE-004428,凋,,,
CE-004439,釣,,,
CE-004457,肇,,,
CE-004471,調,,,
CE-004482,鯛,,,
CE-004510,追,,,
CE-004515,墜,,,
CE-004520,通,,,
CE-004530,坪,,,
CE-004576,程,,,
CE-004613,迪,,,
CE-004622,適,,,
CE-004636,迭,,,
CE-004687,簟,,,
CE-004721,途,,,
CE-004722,菟,,,
CE-004772,逃,,,
CE-004786,透,,,
CE-004813,塘,,,
CE-004832,滕,,,
CE-004841,縢,,,
CE-004854,謄,,,
CE-004871,韜,,,
CE-004877,騰,,,
CE-004878,籐,,,
CE-004895,道,,,
CE-004902,導,,,
CE-004936,鯲,,,
CE-004950,鞆,,,
CE-004978,内,,,
CE-005007,乳,,,
CE-005012,忍,,,
CE-005014,荵,,,
CE-005133,迫,,,
CE-005202,半,,,
CE-005207,汎,,,
CE-005209,伴,,,
CE-005211,判,,,
CE-005224,畔,,,
CE-005306,扉,,,
CE-005317,賁,,,
CE-005330,避,,,
CE-005354,鼻,,,
CE-005372,篳,,,
CE-005375,蹕,,,
CE-005378,姫,,,
CE-005394,評,,,
CE-005483,浮,,,
CE-005487,婦,,,
CE-005523,舞,,,
CE-005544,箙,,,
CE-005582,噴,,,
CE-005584,墳,,,
CE-005586,憤,,,
CE-005588,濆,,,
CE-005597,平,,,
CE-005608,炳,,,
CE-005622,幣,,,
CE-005624,弊,,,
CE-005663,襪,,,
CE-005665,衊,,,
CE-005667,韈,,,
CE-005674,返,,,
CE-005680,偏,,,
CE-005682,胼,,,
CE-005685,遍,,,
CE-005686,褊,,,
CE-005691,編,,,
CE-005692,翩,,,
CE-005694,蝙,,,
CE-005696,諞,,,
CE-005698,駢,,,
CE-005704,弁,,,
CE-005720,瓣,,,
CE-005760,包,,,
CE-005774,抱,,,
CE-005775,抛,,,
CE-005782,泡,,,
CE-005787,胞,,,
CE-005796,砲,,,
CE-005800,堋,,,
CE-005803,崩,,,
CE-005804,弸,,,
CE-005819,迸,,,
CE-005822,硼,,,
CE-005829,飽,,,
CE-005848,縫,,,
CE-005854,繃,,,
CE-005870,房,,,
CE-005878,冒,,,
CE-005895,帽,,,
CE-005903,鋩,,,
CE-005910,蠎,,,
CE-005940,奔,,,
CE-005945,翻,,,
CE-005983,麿,,,
CE-005985,万,,,
CE-006021,夢,,,
CE-006036,迷,,,
CE-006067,莽,,,
CE-006113,約,,,
CE-006117,葯,,,
CE-006121,薬,,,
CE-006127,萢,,,
CE-006139,愉,,,
CE-006153,諭,,,
CE-006154,諛,,,
CE-006158,輸,,,
CE-006160,癒,,,
CE-006187,猶,,,
CE-006190,遊,,,
CE-006215,舁,,,
CE-006277,曄,,,
CE-006310,翌,,,
CE-006315,翼,,,
CE-006367,蘭,,,
CE-006431,琉,,,
CE-006436,旒,,,
CE-006477,楞,,,
CE-006495,遼,,,
CE-006530,隣,,,
CE-006540,麟,,,
CE-006568,励,,,
CE-006577,唳,,,
CE-006579,捩,,,
CE-006587,綟,,,
CE-006633,連,,,
CE-006635,廉,,,
CE-006640,蓮,,,
CE-006702,陋,,,
