ce_id,literal,level,basis
CE-000044,閼,1級,collection_id_exact|ivs_exact|unicode_exact
CE-000157,鴪,1級,ivs_exact|unicode_exact
CE-000186,堙,1級,ivs_exact|unicode_exact
CE-000188,湮,1級,collection_id_exact|ivs_exact|unicode_exact
CE-000243,韞,1級,collection_id_exact|ivs_exact|unicode_exact
CE-000277,瀛,1級,collection_id_exact|ivs_exact|unicode_exact
CE-000280,贏,1級,collection_id_exact|ivs_exact|unicode_exact
CE-000389,唹,1級,collection_id_exact|ivs_exact|unicode_exact
CE-000391,淤,1級,ivs_exact|unicode_exact
CE-000482,囮,1級,ivs_exact|unicode_exact
CE-000514,谺,1級,collection_id_exact|ivs_exact|unicode_exact
CE-000556,譁,1級,collection_id_exact|ivs_exact|unicode_exact
CE-000783,綛,1級,collection_id_exact|ivs_exact|unicode_exact
CE-000813,豁,1級,collection_id_exact|ivs_exact|unicode_exact
CE-001093,曁,1級,collection_id_exact|ivs_exact|unicode_exact
CE-001253,苣,1級,collection_id_exact|ivs_exact|unicode_exact
CE-001339,蛩,1級,ivs_exact|unicode_exact
CE-001343,跫,1級,collection_id_exact|ivs_exact|unicode_exact
CE-001354,鞏,1級,collection_id_exact|ivs_exact|unicode_exact
CE-001364,繦,1級,collection_id_exact|ivs_exact|unicode_exact
CE-001456,釁,1級,collection_id_exact|ivs_exact|unicode_exact
CE-001591,笄,1級,ivs_exact|unicode_exact
CE-001597,煢,1級,collection_id_exact|ivs_exact|unicode_exact
CE-001603,夐,1級,collection_id_exact|ivs_exact|unicode_exact
CE-001606,綮,1級,collection_id_exact|ivs_exact|unicode_exact
CE-001624,瓊,1級,collection_id_exact|ivs_exact|unicode_exact
CE-001628,醯,1級,collection_id_exact|ivs_exact|unicode_exact
CE-001682,桀,1級,collection_id_exact|ivs_exact|unicode_exact
CE-001738,枅,1級,collection_id_exact|ivs_exact|unicode_exact
CE-001782,甄,1級,collection_id_exact|ivs_exact|unicode_exact
CE-001855,呱,1級,collection_id_exact|ivs_exact|unicode_exact
CE-001877,扈,1級,collection_id_exact|ivs_exact|unicode_exact
CE-001880,瓠,1級,collection_id_exact|ivs_exact|unicode_exact
CE-001890,觚,1級,ivs_exact|unicode_exact
CE-001903,滬,1級,collection_id_exact|ivs_exact|unicode_exact
CE-001983,肓,1級,collection_id_exact|ivs_exact|unicode_exact
CE-002029,冓,1級,collection_id_exact|ivs_exact|unicode_exact
CE-002089,媾,1級,ivs_exact|unicode_exact
CE-002092,搆,1級,ivs_exact|unicode_exact
CE-002116,槹,1級,ivs_exact|unicode_exact
CE-002125,遘,1級,collection_id_exact|ivs_exact|unicode_exact
CE-002149,覯,1級,collection_id_exact|ivs_exact|unicode_exact
CE-002237,鮗,1級,collection_id_exact|ivs_exact|unicode_exact
CE-002258,袞,1級,collection_id_exact|ivs_exact|unicode_exact
CE-002467,簒,1級,collection_id_exact|ivs_exact|unicode_exact
CE-002577,耜,1級,collection_id_exact|ivs_exact|unicode_exact
CE-002661,孳,1級,ivs_exact|unicode_exact
CE-002752,妁,1級,collection_id_exact|ivs_exact|unicode_exact
CE-002754,芍,1級,collection_id_exact|ivs_exact|unicode_exact
CE-002881,螽,1級,collection_id_exact|ivs_exact|unicode_exact
CE-002993,蓴,1級,collection_id_exact|ivs_exact|unicode_exact
CE-003377,蕈,1級,collection_id_exact|ivs_exact|unicode_exact
CE-003386,齔,1級,ivs_exact|unicode_exact
CE-003389,簪,1級,collection_id_exact|ivs_exact|unicode_exact
CE-003467,邃,1級,collection_id_exact|ivs_exact|unicode_exact
CE-003559,筬,1級,collection_id_exact|ivs_exact|unicode_exact
CE-003670,鱈,準1級,collection_id_exact|ivs_exact|unicode_exact
CE-003723,僊,1級,collection_id_exact|ivs_exact|unicode_exact
CE-003799,韆,1級,collection_id_exact|ivs_exact|unicode_exact
CE-003801,冉,1級,collection_id_exact|ivs_exact|unicode_exact
CE-003805,苒,準1級,collection_id_exact|ivs_exact|unicode_exact
CE-003834,梳,1級,collection_id_exact|ivs_exact|unicode_exact
CE-003852,蔬,1級,collection_id_exact|ivs_exact|unicode_exact
CE-003880,剏,1級,collection_id_exact|ivs_exact|unicode_exact
CE-003936,嫂,1級,collection_id_exact|ivs_exact|unicode_exact
CE-004094,娜,1級,collection_id_exact|ivs_exact|unicode_exact
CE-004099,梛,1級,ivs_exact|unicode_exact
CE-004195,磔,1級,ivs_exact|unicode_exact
CE-004266,潭,1級,collection_id_exact|ivs_exact|unicode_exact
CE-004285,鐔,1級,collection_id_exact|ivs_exact|unicode_exact
CE-004428,凋,準1級,collection_id_exact|ivs_exact|unicode_exact
CE-004687,簟,1級,collection_id_exact|ivs_exact|unicode_exact
CE-004722,菟,準1級,collection_id_exact|ivs_exact|unicode_exact
CE-004813,塘,準1級,collection_id_exact|ivs_exact|unicode_exact
CE-004832,滕,1級,collection_id_exact|ivs_exact|unicode_exact
CE-004841,縢,1級,collection_id_exact|ivs_exact|unicode_exact
CE-004871,韜,1級,collection_id_exact|ivs_exact|unicode_exact
CE-004878,籐,1級,collection_id_exact|ivs_exact|unicode_exact
CE-004936,鯲,1級,ivs_exact|unicode_exact
CE-004950,鞆,1級,ivs_exact|unicode_exact
CE-005014,荵,1級,ivs_exact|unicode_exact
CE-005317,賁,1級,collection_id_exact|ivs_exact|unicode_exact
CE-005372,篳,1級,collection_id_exact|ivs_exact|unicode_exact
CE-005375,蹕,1級,collection_id_exact|ivs_exact|unicode_exact
CE-005544,箙,1級,collection_id_exact|ivs_exact|unicode_exact
CE-005588,濆,1級,ivs_exact|unicode_exact
CE-005608,炳,1級,collection_id_exact|ivs_exact|unicode_exact
CE-005663,襪,1級,collection_id_exact|ivs_exact|unicode_exact
CE-005665,衊,1級,collection_id_exact|ivs_exact|unicode_exact
CE-005667,韈,1級,collection_id_exact|ivs_exact|unicode_exact
CE-005682,胼,1級,ivs_exact|unicode_exact
CE-005686,褊,1級,ivs_exact|unicode_exact
CE-005692,翩,1級,collection_id_exact|ivs_exact|unicode_exact
CE-005694,蝙,1級,ivs_exact|unicode_exact
CE-005696,諞,1級,collection_id_exact|ivs_exact|unicode_exact
CE-005698,駢,1級,collection_id_exact|ivs_exact|unicode_exact
CE-005720,瓣,1級,collection_id_exact|ivs_exact|unicode_exact
CE-005775,抛,1級,collection_id_exact|ivs_exact|unicode_exact
CE-005800,堋,1級,collection_id_exact|ivs_exact|unicode_exact
CE-005804,弸,1級,ivs_exact|unicode_exact
CE-005819,迸,1級,collection_id_exact|ivs_exact|unicode_exact
CE-005822,硼,1級,collection_id_exact|ivs_exact|unicode_exact
CE-005854,繃,1級,collection_id_exact|ivs_exact|unicode_exact
CE-005903,鋩,1級,collection_id_exact|ivs_exact|unicode_exact
CE-005910,蠎,1級,collection_id_exact|ivs_exact|unicode_exact
CE-006067,莽,1級,collection_id_exact|ivs_exact|unicode_exact
CE-006117,葯,1級,collection_id_exact|ivs_exact|unicode_exact
CE-006127,萢,1級,collection_id_exact|ivs_exact|unicode_exact
CE-006154,諛,1級,collection_id_exact|ivs_exact|unicode_exact
CE-006215,舁,1級,collection_id_exact|ivs_exact|unicode_exact
CE-006277,曄,1級,collection_id_exact|ivs_exact|unicode_exact
CE-006436,旒,1級,collection_id_exact|ivs_exact|unicode_exact
CE-006477,楞,1級,collection_id_exact|ivs_exact|unicode_exact
CE-006577,唳,1級,collection_id_exact|ivs_exact|unicode_exact
CE-006579,捩,1級,collection_id_exact|ivs_exact|unicode_exact
CE-006587,綟,1級,collection_id_exact|ivs_exact|unicode_exact
CE-006702,陋,1級,collection_id_exact|ivs_exact|unicode_exact
